{
  "problem": {
    "input_dim": 32,
    "teacher_width": 256,
    "teacher_depth": 2,
    "teacher_act": "gelu",
    "noise_std": 0.1,
    "val_size": 16384,
    "seed": 0
  },
  "irreducible_loss": 0.010000000000000002,
  "widths": [
    8,
    16,
    32,
    64,
    128,
    512
  ],
  "D": [
    1024,
    2048,
    4096,
    8192,
    16384,
    32768,
    65536,
    131072,
    262144,
    524288,
    1048576,
    2097152,
    4194304,
    8388608,
    16777216
  ],
  "seeds": [
    0,
    1
  ],
  "batch_size": 256,
  "n_hidden": 2,
  "cosine_lr_law": {
    "eta_ref": 0.00535,
    "w_ref": 64,
    "T_ref": 2048,
    "c_w": -0.374,
    "c_T": -0.617
  },
  "preset": "full"
}